student_id,week,true_risk,lms_logins,attendance_pct,sentiment_score,submission_delay,forum_posts,video_completion
1,1,low,17,0.91,0.59,1,6,0.84
1,2,low,17,0.88,0.75,1,7,0.66
1,3,low,18,0.87,0.6,1,6,0.73
1,4,low,14,0.89,0.6,1,5,0.93
1,5,low,16,0.85,0.69,0,4,0.86
1,6,low,18,0.84,0.48,0,5,0.73
1,7,low,14,0.81,0.48,1,5,0.66
1,8,low,16,0.8,0.44,1,2,0.56
2,1,medium,6,0.6,0.02,2,5,0.98
2,2,medium,5,0.58,-0.05,2,5,0.56
2,3,medium,6,0.5,-0.24,1,3,0.87
2,4,medium,5,0.45,-0.33,3,6,0.45
2,5,medium,1,0.41,-0.38,3,3,0.44
2,6,medium,3,0.36,-0.35,2,2,0.35
2,7,medium,1,0.28,-0.47,3,6,0.37
2,8,medium,2,0.22,-0.54,3,0,0.33
3,1,high,3,0.51,-0.4,3,5,0.64
3,2,high,0,0.37,-0.5,6,6,0.7
3,3,high,4,0.24,-0.71,4,3,0.42
3,4,high,0,0.16,-0.78,6,6,0.42
3,5,high,2,0.0,-0.78,4,1,0.17
3,6,high,0,0.0,-1.0,2,1,0.17
3,7,high,1,0.0,-1.0,4,0,0.07
3,8,high,0,0.0,-1.0,4,3,0.0
4,1,medium,8,0.58,0.42,3,2,0.66
4,2,medium,4,0.53,0.42,2,6,0.68
4,3,medium,4,0.46,0.19,2,7,0.58
4,4,medium,6,0.39,0.18,1,7,0.57
4,5,medium,6,0.42,0.12,3,1,0.42
4,6,medium,4,0.28,-0.01,3,4,0.31
4,7,medium,4,0.28,-0.01,3,4,0.62
4,8,medium,3,0.22,-0.0,1,0,0.26
5,1,medium,4,0.63,0.2,1,3,1.0
5,2,medium,5,0.52,0.21,3,2,0.65
5,3,medium,4,0.48,0.16,2,2,0.74
5,4,medium,4,0.44,0.07,2,4,0.57
5,5,medium,1,0.35,-0.14,2,2,0.55
5,6,medium,3,0.29,-0.16,1,4,0.39
5,7,medium,5,0.19,-0.19,3,3,0.5
5,8,medium,0,0.16,-0.22,2,5,0.28
6,1,high,5,0.42,-0.0,5,2,0.68
6,2,high,6,0.27,-0.11,2,2,0.88
6,3,high,5,0.13,-0.17,5,1,0.74
6,4,high,5,0.03,-0.27,4,4,0.58
6,5,high,4,0.0,-0.41,4,1,0.34
6,6,high,1,0.0,-0.69,3,4,0.14
6,7,high,1,0.0,-0.76,2,0,0.16
6,8,high,2,0.0,-0.86,3,0,0.0
7,1,low,12,0.83,0.82,1,5,0.95
7,2,low,14,0.86,0.81,0,7,0.71
7,3,low,12,0.84,0.76,1,3,0.57
7,4,low,14,0.77,0.74,0,5,0.67
7,5,low,14,0.77,0.85,0,5,0.86
7,6,low,13,0.77,0.78,1,5,0.55
7,7,low,11,0.76,0.68,0,4,0.66
7,8,low,11,0.69,0.79,0,2,0.74
8,1,low,15,0.81,0.36,1,6,0.9
8,2,low,18,0.78,0.36,1,3,0.72
8,3,low,18,0.71,0.33,1,6,0.6
8,4,low,16,0.7,0.24,1,6,0.73
8,5,low,13,0.71,0.35,1,3,0.9
8,6,low,16,0.64,0.28,1,4,0.7
8,7,low,12,0.67,0.32,1,3,0.49
8,8,low,14,0.68,0.3,0,5,0.51
9,1,high,1,0.59,-0.63,6,6,0.69
9,2,high,1,0.41,-0.67,2,3,0.61
9,3,high,1,0.35,-0.85,4,1,0.56
9,4,high,0,0.24,-0.91,6,4,0.41
9,5,high,3,0.07,-1.0,2,2,0.52
9,6,high,2,0.0,-1.0,6,2,0.17
9,7,high,2,0.0,-1.0,2,0,0.08
9,8,high,0,0.0,-1.0,2,1,0.0
10,1,high,5,0.35,0.08,6,6,0.72
10,2,high,1,0.23,-0.12,6,2,0.53
10,3,high,5,0.1,-0.28,3,5,0.65
10,4,high,4,0.0,-0.38,5,1,0.54
10,5,high,3,0.0,-0.36,6,1,0.28
10,6,high,1,0.0,-0.63,6,4,0.39
10,7,high,3,0.0,-0.6,2,3,0.18
10,8,high,1,0.0,-0.73,4,0,0.12
11,1,low,9,0.84,0.58,0,2,0.9
11,2,low,9,0.8,0.6,0,5,0.69
11,3,low,7,0.75,0.58,1,6,0.95
11,4,low,11,0.74,0.37,0,4,0.91
11,5,low,10,0.74,0.54,1,2,0.61
11,6,low,7,0.73,0.44,1,2,0.87
11,7,low,7,0.74,0.48,1,5,0.61
11,8,low,7,0.64,0.38,1,5,0.69
12,1,low,14,0.79,0.54,0,5,0.71
12,2,low,17,0.84,0.61,1,4,0.87
12,3,low,13,0.77,0.61,1,4,0.58
12,4,low,13,0.78,0.5,0,2,0.69
12,5,low,13,0.72,0.58,0,2,0.86
12,6,low,13,0.67,0.39,0,7,0.78
12,7,low,16,0.74,0.54,0,6,0.77
12,8,low,12,0.71,0.37,1,2,0.51
13,1,high,4,0.27,-0.11,3,3,0.81
13,2,high,4,0.16,-0.08,5,6,0.52
13,3,high,3,0.03,-0.35,6,5,0.62
13,4,high,3,0.0,-0.47,5,2,0.38
13,5,high,1,0.0,-0.5,4,1,0.26
13,6,high,0,0.0,-0.65,3,1,0.28
13,7,high,3,0.0,-0.67,3,0,0.0
13,8,high,2,0.0,-0.88,6,3,0.01
14,1,low,10,0.85,0.6,1,5,0.74
14,2,low,9,0.9,0.55,1,3,0.82
14,3,low,9,0.8,0.46,1,3,0.63
14,4,low,11,0.83,0.51,1,3,0.9
14,5,low,7,0.8,0.53,0,3,0.84
14,6,low,7,0.8,0.47,0,6,0.5
14,7,low,9,0.79,0.5,0,5,0.56
14,8,low,7,0.77,0.43,1,6,0.48
15,1,low,10,0.93,0.84,1,7,0.81
15,2,low,7,0.93,0.83,0,2,0.92
15,3,low,8,0.89,0.82,0,5,0.75
15,4,low,8,0.9,0.86,0,5,0.75
15,5,low,8,0.85,0.85,1,4,0.67
15,6,low,11,0.81,0.85,1,4,0.64
15,7,low,10,0.79,0.88,0,7,0.57
15,8,low,9,0.82,0.69,1,2,0.49
16,1,medium,10,0.72,0.48,3,7,0.99
16,2,medium,10,0.68,0.38,3,3,0.65
16,3,medium,10,0.56,0.37,3,5,0.68
16,4,medium,7,0.53,0.26,2,7,0.65
16,5,medium,8,0.51,0.12,3,1,0.51
16,6,medium,6,0.41,0.11,2,5,0.57
16,7,medium,8,0.32,0.07,1,1,0.48
16,8,medium,6,0.27,0.06,2,3,0.57
17,1,low,15,0.95,0.41,1,5,0.94
17,2,low,14,1.0,0.28,1,4,0.65
17,3,low,16,0.93,0.35,1,5,0.69
17,4,low,13,0.93,0.37,0,7,0.9
17,5,low,15,0.9,0.33,0,2,0.61
17,6,low,11,0.89,0.27,0,4,0.72
17,7,low,13,0.89,0.21,1,5,0.8
17,8,low,14,0.86,0.27,0,5,0.86
18,1,high,6,0.31,-0.13,4,3,0.74
18,2,high,6,0.14,-0.23,5,6,0.7
18,3,high,5,0.03,-0.38,3,3,0.62
18,4,high,3,0.0,-0.5,4,5,0.57
18,5,high,1,0.0,-0.72,3,5,0.37
18,6,high,1,0.0,-0.78,2,0,0.01
18,7,high,2,0.0,-0.98,5,3,0.25
18,8,high,0,0.0,-1.0,2,3,0.0
19,1,low,18,1.0,0.63,1,2,0.73
19,2,low,15,0.97,0.52,0,6,0.71
19,3,low,16,0.97,0.54,0,5,0.77
19,4,low,15,0.96,0.49,0,3,0.91
19,5,low,14,0.85,0.56,1,2,0.72
19,6,low,16,0.92,0.43,0,4,0.75
19,7,low,15,0.83,0.44,0,5,0.66
19,8,low,14,0.83,0.34,0,2,0.58
20,1,low,16,0.87,0.82,1,4,0.63
20,2,low,13,0.83,0.82,1,2,0.74
20,3,low,13,0.78,0.74,0,4,0.71
20,4,low,12,0.84,0.79,0,5,0.88
20,5,low,14,0.77,0.77,0,4,0.72
20,6,low,10,0.79,0.68,0,5,0.6
20,7,low,11,0.77,0.82,1,7,0.81
20,8,low,13,0.76,0.63,1,3,0.47
21,1,low,14,0.97,0.28,1,2,0.93
21,2,low,14,0.93,0.34,0,5,0.91
21,3,low,15,0.91,0.27,1,6,0.68
21,4,low,14,0.95,0.29,0,3,0.77
21,5,low,12,0.92,0.28,0,3,0.53
21,6,low,10,0.87,0.22,0,2,0.56
21,7,low,12,0.83,0.1,0,6,0.76
21,8,low,14,0.77,0.24,0,3,0.69
22,1,low,9,0.82,0.5,0,4,0.96
22,2,low,7,0.84,0.6,0,6,0.65
22,3,low,9,0.85,0.54,1,3,0.73
22,4,low,6,0.76,0.59,0,6,0.78
22,5,low,6,0.73,0.59,0,5,0.81
22,6,low,7,0.8,0.48,1,7,0.55
22,7,low,5,0.71,0.49,0,4,0.82
22,8,low,4,0.71,0.48,1,2,0.77
23,1,low,18,0.86,0.52,0,4,0.93
23,2,low,17,0.77,0.6,1,3,0.62
23,3,low,17,0.76,0.57,0,2,0.94
23,4,low,13,0.75,0.48,1,4,0.83
23,5,low,16,0.78,0.5,1,7,0.91
23,6,low,13,0.74,0.37,1,2,0.88
23,7,low,13,0.73,0.51,1,6,0.67
23,8,low,15,0.72,0.33,1,3,0.63
24,1,high,6,0.55,-0.04,4,5,0.65
24,2,high,5,0.46,-0.18,3,5,0.71
24,3,high,3,0.31,-0.28,6,2,0.57
24,4,high,6,0.2,-0.48,4,2,0.64
24,5,high,3,0.1,-0.55,4,2,0.52
24,6,high,3,0.0,-0.75,6,2,0.25
24,7,high,2,0.0,-0.74,2,2,0.18
24,8,high,0,0.0,-0.94,3,1,0.05
25,1,medium,9,0.47,0.37,3,3,0.92
25,2,medium,12,0.4,0.32,3,7,0.78
25,3,medium,11,0.43,0.32,3,5,0.82
25,4,medium,11,0.36,0.14,3,3,0.57
25,5,medium,6,0.23,0.21,2,5,0.38
25,6,medium,5,0.21,0.11,1,5,0.4
25,7,medium,7,0.17,0.07,3,3,0.33
25,8,medium,8,0.09,-0.01,2,4,0.22
26,1,high,3,0.35,-0.4,2,2,0.82
26,2,high,2,0.17,-0.65,4,6,0.5
26,3,high,1,0.03,-0.77,6,4,0.39
26,4,high,0,0.0,-0.76,6,3,0.57
26,5,high,0,0.0,-0.88,2,5,0.33
26,6,high,2,0.0,-1.0,2,3,0.33
26,7,high,0,0.0,-1.0,4,4,0.0
26,8,high,2,0.0,-1.0,4,0,0.0
27,1,low,16,0.79,0.76,1,6,0.85
27,2,low,11,0.78,0.76,1,5,0.58
27,3,low,15,0.78,0.74,1,3,0.73
27,4,low,12,0.71,0.82,1,6,0.58
27,5,low,13,0.68,0.83,1,4,0.59
27,6,low,13,0.65,0.77,0,7,0.75
27,7,low,12,0.71,0.83,0,6,0.66
27,8,low,12,0.61,0.77,0,6,0.47
28,1,low,9,0.79,0.3,0,4,0.78
28,2,low,11,0.81,0.12,1,7,0.67
28,3,low,9,0.75,0.25,1,5,0.85
28,4,low,11,0.77,0.12,0,6,0.93
28,5,low,7,0.72,0.17,1,6,0.6
28,6,low,7,0.73,0.07,0,5,0.69
28,7,low,9,0.66,0.15,0,4,0.82
28,8,low,9,0.62,0.12,1,6,0.82
29,1,high,2,0.53,-0.52,2,7,0.69
29,2,high,4,0.36,-0.57,6,3,0.8
29,3,high,3,0.33,-0.78,6,2,0.63
29,4,high,1,0.16,-0.81,4,5,0.54
29,5,high,3,0.07,-1.0,4,0,0.22
29,6,high,0,0.0,-1.0,5,2,0.14
29,7,high,0,0.0,-1.0,2,0,0.02
29,8,high,0,0.0,-1.0,3,3,0.0
30,1,medium,6,0.71,-0.15,3,4,0.61
30,2,medium,2,0.64,-0.23,2,5,0.89
30,3,medium,3,0.64,-0.24,3,4,0.67
30,4,medium,4,0.61,-0.35,2,7,0.6
30,5,medium,3,0.46,-0.48,2,3,0.65
30,6,medium,4,0.42,-0.54,1,3,0.39
30,7,medium,4,0.41,-0.46,1,3,0.3
30,8,medium,1,0.34,-0.63,1,2,0.44
31,1,low,8,0.84,0.47,0,3,0.9
31,2,low,10,0.8,0.56,1,5,0.78
31,3,low,8,0.8,0.51,1,3,0.85
31,4,low,10,0.78,0.55,1,3,0.94
31,5,low,8,0.77,0.4,0,3,0.77
31,6,low,7,0.67,0.48,1,7,0.57
31,7,low,9,0.67,0.42,0,6,0.51
31,8,low,6,0.64,0.47,0,7,0.67
32,1,low,7,0.82,0.67,0,6,0.73
32,2,low,9,0.72,0.8,0,4,0.93
32,3,low,7,0.73,0.72,0,2,0.74
32,4,low,8,0.76,0.61,1,5,0.69
32,5,low,8,0.72,0.67,0,2,0.86
32,6,low,9,0.67,0.69,1,5,0.72
32,7,low,8,0.63,0.51,0,6,0.85
32,8,low,9,0.65,0.53,0,6,0.5
33,1,low,12,0.76,0.36,1,3,0.73
33,2,low,11,0.78,0.29,0,4,0.78
33,3,low,10,0.72,0.2,1,6,0.62
33,4,low,8,0.67,0.29,1,6,0.58
33,5,low,11,0.67,0.31,1,3,0.78
33,6,low,8,0.65,0.12,1,2,0.83
33,7,low,6,0.59,0.28,1,5,0.75
33,8,low,8,0.66,0.24,1,6,0.69
34,1,low,7,1.0,0.34,0,2,0.64
34,2,low,6,0.94,0.25,1,7,0.95
34,3,low,8,0.99,0.25,0,4,0.91
34,4,low,6,0.9,0.19,0,6,0.67
34,5,low,9,0.93,0.17,0,5,0.74
34,6,low,6,0.87,0.11,1,7,0.53
34,7,low,7,0.85,0.15,1,7,0.68
34,8,low,9,0.9,0.1,1,5,0.47
35,1,low,20,0.78,0.6,0,7,0.9
35,2,low,19,0.81,0.5,0,4,0.58
35,3,low,20,0.79,0.53,0,4,0.58
35,4,low,19,0.73,0.5,1,6,0.79
35,5,low,19,0.69,0.5,0,5,0.74
35,6,low,16,0.7,0.56,0,6,0.67
35,7,low,14,0.67,0.43,1,3,0.8
35,8,low,14,0.65,0.43,1,5,0.65
36,1,high,1,0.3,-0.39,6,7,0.84
36,2,high,0,0.2,-0.52,3,2,0.82
36,3,high,0,0.08,-0.6,3,3,0.7
36,4,high,0,0.02,-0.73,3,1,0.41
36,5,high,2,0.0,-0.85,3,0,0.21
36,6,high,0,0.0,-1.0,4,2,0.08
36,7,high,0,0.0,-1.0,6,0,0.08
36,8,high,0,0.0,-1.0,3,0,0.0
37,1,medium,5,0.74,0.42,2,3,0.96
37,2,medium,5,0.61,0.25,1,5,0.62
37,3,medium,1,0.56,0.25,1,2,0.81
37,4,medium,4,0.56,0.16,1,7,0.66
37,5,medium,3,0.47,0.12,3,6,0.63
37,6,medium,3,0.42,0.11,2,6,0.43
37,7,medium,3,0.31,0.13,1,1,0.31
37,8,medium,1,0.25,-0.04,1,3,0.57
38,1,medium,11,0.59,0.09,1,2,0.87
38,2,medium,9,0.52,-0.1,3,2,0.78
38,3,medium,8,0.48,-0.04,2,5,0.6
38,4,medium,6,0.37,-0.16,2,4,0.52
38,5,medium,4,0.31,-0.22,3,2,0.6
38,6,medium,6,0.3,-0.25,1,4,0.38
38,7,medium,3,0.17,-0.26,3,6,0.59
38,8,medium,5,0.18,-0.42,1,4,0.19
39,1,low,9,0.87,0.91,1,2,0.97
39,2,low,7,0.83,1.0,0,5,0.78
39,3,low,7,0.83,0.97,1,6,0.57
39,4,low,7,0.75,0.84,1,5,0.66
39,5,low,10,0.75,0.82,1,6,0.53
39,6,low,8,0.75,0.81,0,6,0.81
39,7,low,7,0.69,0.86,1,6,0.73
39,8,low,6,0.69,0.77,0,2,0.77
40,1,low,15,0.94,0.2,0,5,0.72
40,2,low,14,0.92,0.3,1,6,0.93
40,3,low,15,0.87,0.21,1,7,0.63
40,4,low,15,0.89,0.09,1,7,0.73
40,5,low,14,0.87,0.1,0,6,0.61
40,6,low,14,0.86,0.18,0,3,0.53
40,7,low,13,0.79,0.08,0,6,0.82
40,8,low,14,0.78,0.04,1,5,0.72
41,1,high,7,0.4,-0.57,2,2,0.98
41,2,high,3,0.23,-0.66,3,3,0.5
41,3,high,4,0.15,-0.67,3,3,0.54
41,4,high,1,0.01,-0.94,6,3,0.28
41,5,high,3,0.0,-0.94,6,0,0.42
41,6,high,0,0.0,-1.0,2,3,0.2
41,7,high,0,0.0,-1.0,5,1,0.14
41,8,high,1,0.0,-1.0,6,3,0.09
42,1,low,18,0.8,0.32,1,2,0.99
42,2,low,15,0.69,0.2,1,7,0.61
42,3,low,14,0.72,0.13,1,3,0.88
42,4,low,16,0.69,0.13,0,6,0.91
42,5,low,16,0.64,0.09,0,3,0.61
42,6,low,13,0.64,0.18,1,2,0.57
42,7,low,15,0.61,0.07,1,4,0.83
42,8,low,16,0.59,0.19,0,2,0.56
43,1,medium,9,0.68,0.04,2,4,0.71
43,2,medium,8,0.62,-0.05,1,6,0.83
43,3,medium,7,0.65,-0.05,3,5,0.77
43,4,medium,6,0.57,-0.05,3,7,0.65
43,5,medium,8,0.45,-0.15,1,5,0.42
43,6,medium,4,0.43,-0.16,1,3,0.7
43,7,medium,5,0.36,-0.22,3,1,0.46
43,8,medium,4,0.28,-0.37,1,0,0.4
44,1,low,15,1.0,0.84,0,4,0.94
44,2,low,16,0.99,0.82,0,5,0.87
44,3,low,16,0.88,0.86,1,6,0.57
44,4,low,16,0.87,0.78,0,5,0.74
44,5,low,15,0.84,0.8,0,5,0.74
44,6,low,14,0.87,0.79,1,5,0.63
44,7,low,14,0.8,0.71,1,3,0.76
44,8,low,15,0.82,0.71,1,7,0.59
45,1,medium,6,0.63,-0.06,2,6,0.67
45,2,medium,5,0.55,-0.29,3,7,0.94
45,3,medium,5,0.48,-0.27,1,2,0.71
45,4,medium,3,0.41,-0.44,1,7,0.75
45,5,medium,5,0.39,-0.32,3,5,0.38
45,6,medium,3,0.3,-0.39,1,5,0.49
45,7,medium,5,0.25,-0.53,2,2,0.27
45,8,medium,1,0.23,-0.53,2,0,0.24
46,1,medium,5,0.67,0.27,2,7,0.61
46,2,medium,6,0.54,0.35,2,7,0.71
46,3,medium,4,0.53,0.15,1,5,0.49
46,4,medium,6,0.45,0.19,1,5,0.55
46,5,medium,5,0.36,0.19,2,3,0.75
46,6,medium,6,0.27,0.04,2,1,0.5
46,7,medium,6,0.24,0.02,2,5,0.47
46,8,medium,4,0.18,0.02,1,4,0.23
47,1,low,9,0.86,0.19,1,5,0.89
47,2,low,8,0.86,0.26,1,7,0.67
47,3,low,9,0.81,0.16,1,7,0.9
47,4,low,9,0.75,0.28,0,6,0.84
47,5,low,11,0.73,0.19,1,4,0.7
47,6,low,9,0.78,0.11,0,6,0.57
47,7,low,10,0.76,0.15,1,6,0.74
47,8,low,10,0.75,0.08,0,3,0.76
48,1,medium,6,0.52,0.08,2,5,0.78
48,2,medium,4,0.45,0.07,3,4,0.62
48,3,medium,3,0.36,-0.07,1,5,0.59
48,4,medium,2,0.33,-0.02,2,3,0.6
48,5,medium,4,0.25,-0.14,1,3,0.72
48,6,medium,3,0.27,-0.29,1,5,0.59
48,7,medium,3,0.14,-0.22,2,6,0.58
48,8,medium,0,0.13,-0.34,1,4,0.57
49,1,medium,7,0.59,0.33,3,6,0.82
49,2,medium,5,0.49,0.4,2,7,0.69
49,3,medium,7,0.45,0.35,2,3,0.52
49,4,medium,7,0.4,0.21,3,5,0.6
49,5,medium,8,0.33,0.22,2,2,0.46
49,6,medium,6,0.33,0.02,1,3,0.36
49,7,medium,3,0.26,-0.02,3,1,0.41
49,8,medium,2,0.21,-0.03,3,2,0.43
50,1,low,10,0.85,0.68,1,5,1.0
50,2,low,8,0.83,0.73,1,6,0.59
50,3,low,10,0.78,0.76,1,5,0.65
50,4,low,6,0.8,0.72,1,4,0.9
50,5,low,8,0.7,0.6,1,7,0.7
50,6,low,9,0.72,0.57,0,7,0.82
50,7,low,7,0.7,0.54,1,7,0.85
50,8,low,5,0.67,0.69,1,4,0.78
51,1,low,15,0.94,0.6,0,5,0.65
51,2,low,15,0.89,0.55,1,2,0.58
51,3,low,14,0.85,0.63,0,2,0.68
51,4,low,11,0.8,0.67,1,3,0.81
51,5,low,10,0.87,0.59,1,6,0.86
51,6,low,13,0.81,0.65,1,6,0.71
51,7,low,14,0.76,0.47,1,2,0.78
51,8,low,10,0.81,0.54,0,3,0.81
52,1,medium,9,0.7,-0.22,3,3,0.67
52,2,medium,9,0.66,-0.19,1,4,0.63
52,3,medium,8,0.55,-0.29,1,4,0.74
52,4,medium,5,0.51,-0.34,1,2,0.53
52,5,medium,4,0.42,-0.48,2,2,0.72
52,6,medium,5,0.39,-0.36,1,5,0.49
52,7,medium,5,0.34,-0.52,1,5,0.45
52,8,medium,2,0.24,-0.63,3,3,0.22
53,1,low,11,0.84,0.46,0,6,0.71
53,2,low,9,0.8,0.32,0,2,0.59
53,3,low,11,0.77,0.32,0,7,0.63
53,4,low,12,0.82,0.39,0,6,0.64
53,5,low,13,0.76,0.36,0,5,0.85
53,6,low,8,0.77,0.19,0,2,0.74
53,7,low,9,0.72,0.29,0,5,0.63
53,8,low,10,0.73,0.24,0,2,0.62
54,1,low,14,1.0,0.81,0,3,0.8
54,2,low,15,1.0,0.74,1,4,0.87
54,3,low,15,0.97,0.7,0,7,0.62
54,4,low,13,0.94,0.68,0,2,0.57
54,5,low,13,0.95,0.72,0,2,0.81
54,6,low,12,0.84,0.61,0,3,0.66
54,7,low,16,0.84,0.58,1,7,0.66
54,8,low,12,0.83,0.58,1,2,0.63
55,1,low,18,0.86,0.2,1,5,0.77
55,2,low,17,0.78,0.25,0,5,0.72
55,3,low,15,0.82,0.21,0,4,0.72
55,4,low,13,0.74,0.23,1,3,0.88
55,5,low,16,0.77,0.06,0,6,0.91
55,6,low,15,0.75,0.05,1,4,0.58
55,7,low,14,0.71,0.03,1,7,0.78
55,8,low,16,0.68,0.16,0,6,0.84
56,1,low,12,0.91,0.95,0,7,0.76
56,2,low,15,0.89,1.0,0,6,0.77
56,3,low,15,0.83,1.0,0,4,0.7
56,4,low,12,0.78,0.87,0,6,0.68
56,5,low,13,0.75,0.98,1,4,0.59
56,6,low,14,0.76,0.92,0,5,0.66
56,7,low,10,0.76,0.84,1,2,0.8
56,8,low,12,0.69,0.83,1,6,0.65
57,1,medium,5,0.56,0.16,2,6,0.9
57,2,medium,6,0.44,0.13,1,7,0.55
57,3,medium,3,0.46,0.04,2,3,0.68
57,4,medium,4,0.33,0.03,3,4,0.62
57,5,medium,2,0.29,-0.04,1,6,0.54
57,6,medium,5,0.27,-0.09,3,5,0.49
57,7,medium,1,0.14,-0.3,1,1,0.36
57,8,medium,3,0.1,-0.31,1,4,0.57
58,1,low,16,0.71,0.66,1,3,0.85
58,2,low,15,0.72,0.62,1,4,0.66
58,3,low,11,0.74,0.64,1,3,0.89
58,4,low,13,0.72,0.59,0,6,0.54
58,5,low,14,0.71,0.56,0,5,0.8
58,6,low,10,0.68,0.44,1,7,0.51
58,7,low,12,0.62,0.38,1,6,0.86
58,8,low,11,0.57,0.36,1,3,0.49
59,1,medium,4,0.53,0.07,3,5,0.95
59,2,medium,4,0.54,0.11,2,4,0.55
59,3,medium,6,0.49,-0.02,2,6,0.49
59,4,medium,4,0.38,-0.06,2,2,0.71
59,5,medium,2,0.34,-0.13,2,6,0.55
59,6,medium,4,0.25,-0.26,2,4,0.36
59,7,medium,2,0.2,-0.34,2,2,0.57
59,8,medium,2,0.13,-0.35,1,0,0.38
60,1,low,12,0.92,0.22,1,2,0.63
60,2,low,13,0.87,0.2,0,2,0.92
60,3,low,13,0.89,0.29,0,6,0.73
60,4,low,13,0.88,0.11,0,3,0.77
60,5,low,12,0.86,0.21,1,6,0.81
60,6,low,13,0.8,0.11,0,2,0.77
60,7,low,9,0.79,0.05,0,4,0.74
60,8,low,10,0.75,0.11,0,5,0.81
61,1,medium,12,0.51,0.09,1,3,0.82
61,2,medium,11,0.54,-0.1,1,7,0.73
61,3,medium,7,0.47,-0.05,1,3,0.64
61,4,medium,10,0.41,-0.2,1,5,0.71
61,5,medium,6,0.36,-0.26,3,5,0.38
61,6,medium,6,0.27,-0.36,2,6,0.4
61,7,medium,6,0.15,-0.41,2,3,0.44
61,8,medium,4,0.18,-0.45,1,2,0.53
62,1,low,18,0.9,0.39,1,3,0.94
62,2,low,18,0.86,0.41,0,3,0.65
62,3,low,18,0.86,0.46,0,5,0.82
62,4,low,16,0.81,0.35,1,6,0.93
62,5,low,15,0.79,0.45,0,2,0.64
62,6,low,17,0.81,0.31,0,6,0.59
62,7,low,13,0.81,0.32,1,5,0.5
62,8,low,13,0.83,0.26,1,5,0.68
63,1,high,3,0.48,-0.85,3,2,0.91
63,2,high,5,0.37,-0.8,5,5,0.74
63,3,high,1,0.26,-0.93,5,1,0.72
63,4,high,0,0.17,-1.0,3,5,0.44
63,5,high,0,0.03,-1.0,3,5,0.33
63,6,high,3,0.0,-1.0,3,4,0.22
63,7,high,3,0.0,-1.0,6,2,0.24
63,8,high,1,0.0,-1.0,6,0,0.1
64,1,low,14,0.83,0.75,1,7,0.83
64,2,low,12,0.75,0.77,0,7,0.83
64,3,low,11,0.69,0.74,0,4,0.7
64,4,low,10,0.76,0.65,1,3,0.84
64,5,low,13,0.73,0.68,1,7,0.78
64,6,low,9,0.64,0.62,1,6,0.7
64,7,low,9,0.69,0.65,1,5,0.57
64,8,low,11,0.59,0.63,1,3,0.67
65,1,high,6,0.41,-1.0,5,2,0.66
65,2,high,5,0.3,-1.0,2,6,0.67
65,3,high,4,0.12,-1.0,4,3,0.74
65,4,high,3,0.0,-1.0,6,4,0.39
65,5,high,5,0.0,-1.0,3,0,0.2
65,6,high,4,0.0,-1.0,4,1,0.3
65,7,high,3,0.0,-1.0,3,3,0.0
65,8,high,1,0.0,-1.0,4,2,0.0
66,1,high,2,0.3,-0.54,5,3,0.96
66,2,high,1,0.11,-0.63,2,4,0.72
66,3,high,3,0.03,-0.79,3,3,0.56
66,4,high,1,0.0,-0.82,6,4,0.52
66,5,high,0,0.0,-1.0,2,4,0.23
66,6,high,3,0.0,-1.0,2,0,0.24
66,7,high,1,0.0,-1.0,3,4,0.0
66,8,high,1,0.0,-1.0,5,1,0.0
67,1,medium,6,0.7,0.27,1,4,0.71
67,2,medium,4,0.65,0.33,2,5,0.93
67,3,medium,8,0.61,0.12,3,3,0.76
67,4,medium,5,0.52,0.13,1,4,0.67
67,5,medium,3,0.47,0.16,3,1,0.41
67,6,medium,6,0.38,0.01,1,3,0.45
67,7,medium,2,0.36,-0.12,3,3,0.56
67,8,medium,3,0.33,-0.04,1,1,0.5
68,1,low,13,0.8,1.0,1,6,0.98
68,2,low,10,0.8,0.96,1,5,0.73
68,3,low,12,0.82,0.87,1,3,0.81
68,4,low,11,0.77,0.87,0,6,0.87
68,5,low,9,0.76,0.91,0,2,0.64
68,6,low,13,0.78,0.93,0,5,0.59
68,7,low,11,0.75,0.79,1,5,0.6
68,8,low,11,0.69,0.76,1,4,0.8
69,1,high,4,0.17,-0.35,6,4,0.68
69,2,high,3,0.1,-0.41,2,5,0.64
69,3,high,2,0.0,-0.58,2,3,0.63
69,4,high,1,0.0,-0.64,5,1,0.5
69,5,high,1,0.0,-0.72,5,4,0.25
69,6,high,0,0.0,-0.96,6,0,0.07
69,7,high,0,0.0,-1.0,6,0,0.16
69,8,high,0,0.0,-1.0,4,0,0.0
70,1,medium,10,0.7,0.05,1,7,0.63
70,2,medium,8,0.59,0.09,3,3,0.65
70,3,medium,8,0.59,-0.02,3,3,0.66
70,4,medium,7,0.51,-0.1,2,6,0.49
70,5,medium,8,0.41,-0.18,3,3,0.65
70,6,medium,9,0.36,-0.15,2,6,0.57
70,7,medium,8,0.34,-0.25,3,1,0.46
70,8,medium,6,0.31,-0.31,1,5,0.26
71,1,medium,11,0.69,0.02,3,6,0.97
71,2,medium,11,0.68,0.1,3,2,0.72
71,3,medium,9,0.59,0.0,1,2,0.58
71,4,medium,10,0.49,-0.05,1,5,0.43
71,5,medium,6,0.43,-0.19,2,3,0.54
71,6,medium,7,0.37,-0.18,2,6,0.68
71,7,medium,6,0.38,-0.28,3,5,0.55
71,8,medium,6,0.29,-0.27,3,5,0.3
72,1,high,0,0.55,-0.28,2,7,0.94
72,2,high,0,0.48,-0.49,6,3,0.58
72,3,high,1,0.36,-0.6,3,4,0.42
72,4,high,1,0.2,-0.72,4,2,0.25
72,5,high,1,0.1,-0.86,4,5,0.13
72,6,high,1,0.0,-0.9,3,0,0.1
72,7,high,2,0.0,-1.0,3,2,0.15
72,8,high,0,0.0,-1.0,4,1,0.0
73,1,low,17,0.85,0.61,1,2,0.93
73,2,low,20,0.82,0.59,1,3,0.96
73,3,low,16,0.8,0.68,1,4,0.89
73,4,low,15,0.84,0.62,0,5,0.88
73,5,low,17,0.77,0.47,0,6,0.7
73,6,low,19,0.78,0.52,1,6,0.57
73,7,low,18,0.76,0.57,1,7,0.54
73,8,low,14,0.71,0.49,1,3,0.81
74,1,low,18,0.91,0.24,0,7,0.71
74,2,low,19,0.88,0.37,0,2,0.75
74,3,low,18,0.87,0.24,1,2,0.64
74,4,low,16,0.83,0.31,1,6,0.75
74,5,low,19,0.84,0.21,0,6,0.7
74,6,low,16,0.8,0.12,1,2,0.77
74,7,low,15,0.78,0.16,0,7,0.8
74,8,low,14,0.77,0.14,0,6,0.55
75,1,medium,9,0.5,0.31,1,4,0.65
75,2,medium,8,0.45,0.18,3,3,0.7
75,3,medium,9,0.33,0.1,1,3,0.84
75,4,medium,8,0.28,0.13,3,2,0.72
75,5,medium,9,0.27,0.09,2,2,0.57
75,6,medium,8,0.25,-0.05,1,3,0.39
75,7,medium,7,0.16,-0.15,3,2,0.38
75,8,medium,6,0.07,-0.12,1,0,0.18
76,1,high,6,0.27,-0.93,6,6,0.74
76,2,high,3,0.15,-1.0,4,5,0.78
76,3,high,4,0.0,-1.0,6,2,0.72
76,4,high,3,0.0,-1.0,3,5,0.46
76,5,high,1,0.0,-1.0,4,5,0.27
76,6,high,2,0.0,-1.0,3,4,0.35
76,7,high,0,0.0,-1.0,2,0,0.16
76,8,high,1,0.0,-1.0,2,3,0.04
77,1,low,15,0.97,0.37,1,6,0.86
77,2,low,11,0.93,0.42,1,7,0.89
77,3,low,11,0.92,0.31,1,2,0.75
77,4,low,14,0.91,0.27,0,5,0.56
77,5,low,10,0.89,0.29,1,4,0.73
77,6,low,13,0.83,0.31,1,3,0.8
77,7,low,9,0.82,0.17,1,4,0.88
77,8,low,11,0.84,0.3,0,3,0.46
78,1,medium,8,0.56,0.13,1,4,0.76
78,2,medium,10,0.47,-0.07,2,7,0.91
78,3,medium,6,0.42,-0.17,3,4,0.48
78,4,medium,8,0.34,-0.06,2,4,0.65
78,5,medium,9,0.29,-0.15,2,2,0.42
78,6,medium,5,0.18,-0.23,3,6,0.45
78,7,medium,7,0.15,-0.37,3,5,0.63
78,8,medium,6,0.13,-0.38,2,0,0.38
79,1,high,4,0.43,-0.17,5,6,0.62
79,2,high,4,0.37,-0.34,3,7,0.54
79,3,high,4,0.22,-0.55,3,1,0.69
79,4,high,2,0.06,-0.56,4,3,0.42
79,5,high,3,0.04,-0.73,3,5,0.47
79,6,high,1,0.0,-0.9,5,4,0.23
79,7,high,2,0.0,-1.0,6,0,0.0
79,8,high,1,0.0,-1.0,4,2,0.15
80,1,medium,4,0.77,-0.12,2,2,0.85
80,2,medium,3,0.66,-0.02,2,7,0.67
80,3,medium,7,0.65,-0.08,2,7,0.6
80,4,medium,4,0.57,-0.22,2,3,0.61
80,5,medium,3,0.46,-0.35,3,5,0.57
80,6,medium,6,0.45,-0.23,3,3,0.43
80,7,medium,5,0.33,-0.46,3,4,0.38
80,8,medium,5,0.28,-0.35,2,5,0.54
81,1,high,5,0.58,-0.79,6,7,0.91
81,2,high,5,0.38,-1.0,2,2,0.66
81,3,high,3,0.34,-1.0,3,1,0.44
81,4,high,1,0.19,-1.0,2,2,0.37
81,5,high,5,0.11,-1.0,5,1,0.2
81,6,high,1,0.0,-1.0,5,2,0.27
81,7,high,2,0.0,-1.0,3,2,0.05
81,8,high,2,0.0,-1.0,4,2,0.0
82,1,medium,8,0.64,0.34,3,7,0.94
82,2,medium,11,0.54,0.27,1,7,0.87
82,3,medium,10,0.51,0.27,2,2,0.79
82,4,medium,8,0.48,0.28,1,4,0.76
82,5,medium,9,0.35,0.18,1,6,0.57
82,6,medium,8,0.3,0.03,1,5,0.65
82,7,medium,5,0.22,-0.0,1,6,0.35
82,8,medium,3,0.19,-0.12,2,1,0.56
83,1,high,5,0.29,0.05,3,7,0.77
83,2,high,0,0.2,-0.03,3,6,0.76
83,3,high,1,0.02,-0.33,6,1,0.56
83,4,high,2,0.0,-0.37,5,5,0.26
83,5,high,2,0.0,-0.41,2,5,0.52
83,6,high,2,0.0,-0.61,2,2,0.29
83,7,high,0,0.0,-0.76,5,0,0.12
83,8,high,0,0.0,-0.79,4,0,0.0
84,1,medium,7,0.65,0.41,3,7,0.64
84,2,medium,5,0.58,0.27,1,6,0.92
84,3,medium,7,0.56,0.26,2,4,0.56
84,4,medium,7,0.52,0.27,3,5,0.72
84,5,medium,5,0.47,0.09,1,4,0.63
84,6,medium,3,0.39,0.08,2,3,0.42
84,7,medium,5,0.27,-0.04,1,2,0.38
84,8,medium,2,0.29,-0.13,2,3,0.26
85,1,low,17,0.89,0.32,1,7,0.62
85,2,low,12,0.9,0.35,1,4,0.94
85,3,low,16,0.82,0.37,0,4,0.64
85,4,low,16,0.81,0.3,0,3,0.9
85,5,low,14,0.8,0.28,0,7,0.6
85,6,low,13,0.78,0.21,0,5,0.55
85,7,low,15,0.78,0.16,0,3,0.6
85,8,low,13,0.78,0.21,1,2,0.62
86,1,low,19,0.84,0.71,0,7,0.81
86,2,low,17,0.81,0.78,1,2,0.61
86,3,low,17,0.83,0.67,0,6,0.75
86,4,low,16,0.82,0.67,0,4,0.78
86,5,low,14,0.78,0.73,0,5,0.61
86,6,low,15,0.76,0.74,1,6,0.6
86,7,low,16,0.76,0.62,0,3,0.65
86,8,low,14,0.65,0.56,1,2,0.64
87,1,low,7,0.85,0.73,1,4,0.74
87,2,low,5,0.78,0.58,0,7,0.77
87,3,low,9,0.81,0.57,0,6,0.79
87,4,low,9,0.74,0.59,0,4,0.55
87,5,low,9,0.78,0.62,0,3,0.53
87,6,low,9,0.69,0.51,0,3,0.89
87,7,low,5,0.74,0.61,0,5,0.53
87,8,low,6,0.7,0.43,0,2,0.72
88,1,low,12,0.84,0.95,1,2,0.78
88,2,low,10,0.82,0.88,1,6,0.61
88,3,low,10,0.82,0.73,1,7,0.62
88,4,low,8,0.76,0.88,0,4,0.63
88,5,low,9,0.75,0.75,1,5,0.89
88,6,low,8,0.73,0.72,1,3,0.63
88,7,low,7,0.75,0.73,1,3,0.81
88,8,low,10,0.73,0.63,1,3,0.55
89,1,low,13,0.88,0.51,1,7,0.73
89,2,low,13,0.86,0.59,0,2,0.86
89,3,low,14,0.81,0.45,1,7,0.89
89,4,low,13,0.86,0.47,1,4,0.72
89,5,low,11,0.75,0.49,0,7,0.8
89,6,low,10,0.76,0.39,1,4,0.85
89,7,low,14,0.74,0.44,1,2,0.54
89,8,low,14,0.74,0.4,1,7,0.75
90,1,medium,9,0.54,-0.26,3,4,0.61
90,2,medium,10,0.51,-0.29,1,7,0.89
90,3,medium,8,0.36,-0.22,3,4,0.65
90,4,medium,7,0.34,-0.46,2,7,0.73
90,5,medium,6,0.27,-0.52,1,4,0.75
90,6,medium,5,0.19,-0.48,3,6,0.38
90,7,medium,6,0.16,-0.48,1,5,0.37
90,8,medium,6,0.14,-0.52,2,4,0.43
91,1,low,16,0.84,0.85,0,4,0.79
91,2,low,14,0.75,0.8,1,6,0.88
91,3,low,14,0.77,0.81,0,5,0.72
91,4,low,12,0.7,0.65,0,4,0.82
91,5,low,14,0.7,0.82,1,7,0.65
91,6,low,13,0.66,0.62,1,7,0.85
91,7,low,10,0.65,0.69,1,3,0.5
91,8,low,12,0.65,0.7,0,5,0.49
92,1,high,1,0.43,-0.84,2,6,0.95
92,2,high,1,0.33,-0.94,4,5,0.66
92,3,high,0,0.14,-1.0,6,3,0.47
92,4,high,1,0.05,-1.0,3,2,0.34
92,5,high,0,0.0,-1.0,2,3,0.43
92,6,high,0,0.0,-1.0,4,0,0.12
92,7,high,0,0.0,-1.0,5,1,0.15
92,8,high,0,0.0,-1.0,3,1,0.0
93,1,low,20,0.99,0.35,1,2,0.86
93,2,low,20,0.94,0.3,0,5,0.86
93,3,low,18,0.93,0.31,1,2,0.93
93,4,low,15,0.88,0.22,1,2,0.64
93,5,low,18,0.86,0.36,0,5,0.81
93,6,low,17,0.86,0.34,1,6,0.82
93,7,low,18,0.83,0.27,1,6,0.51
93,8,low,18,0.81,0.21,1,3,0.62
94,1,low,13,1.0,0.84,0,6,0.87
94,2,low,9,0.99,0.71,0,4,0.61
94,3,low,12,0.97,0.77,1,7,0.85
94,4,low,8,0.95,0.73,0,7,0.59
94,5,low,11,0.96,0.69,1,3,0.65
94,6,low,9,0.89,0.73,0,7,0.55
94,7,low,7,0.83,0.63,1,4,0.54
94,8,low,11,0.9,0.65,0,6,0.49
95,1,medium,9,0.67,0.31,3,4,0.93
95,2,medium,8,0.64,0.41,3,5,0.77
95,3,medium,5,0.56,0.27,1,2,0.68
95,4,medium,8,0.54,0.18,3,2,0.67
95,5,medium,6,0.48,0.08,1,4,0.66
95,6,medium,7,0.39,0.19,3,5,0.61
95,7,medium,7,0.29,-0.01,3,5,0.56
95,8,medium,5,0.25,-0.1,2,1,0.22
96,1,medium,6,0.62,0.36,3,7,0.62
96,2,medium,4,0.56,0.11,3,4,0.82
96,3,medium,6,0.44,0.17,1,4,0.8
96,4,medium,4,0.37,0.16,3,4,0.78
96,5,medium,5,0.31,0.06,2,4,0.5
96,6,medium,6,0.29,0.01,1,5,0.61
96,7,medium,1,0.27,-0.07,1,6,0.36
96,8,medium,4,0.21,-0.21,3,1,0.41
97,1,high,0,0.53,-0.55,5,2,0.64
97,2,high,2,0.4,-0.68,2,4,0.48
97,3,high,1,0.3,-0.74,5,2,0.38
97,4,high,0,0.21,-0.82,3,1,0.3
97,5,high,0,0.02,-0.96,3,5,0.47
97,6,high,0,0.0,-1.0,3,2,0.29
97,7,high,0,0.0,-1.0,3,0,0.0
97,8,high,2,0.0,-1.0,5,0,0.03
98,1,medium,4,0.58,-0.04,1,2,0.81
98,2,medium,2,0.56,-0.08,2,7,0.67
98,3,medium,2,0.51,-0.08,2,3,0.59
98,4,medium,5,0.4,-0.13,3,3,0.49
98,5,medium,4,0.33,-0.28,1,2,0.59
98,6,medium,4,0.27,-0.24,2,5,0.61
98,7,medium,2,0.24,-0.31,3,5,0.35
98,8,medium,4,0.19,-0.41,1,3,0.2
99,1,medium,5,0.63,0.16,2,4,0.93
99,2,medium,4,0.55,0.19,2,3,0.87
99,3,medium,4,0.55,0.15,3,4,0.86
99,4,medium,5,0.45,-0.03,1,2,0.43
99,5,medium,6,0.41,0.06,3,2,0.58
99,6,medium,3,0.3,-0.06,3,3,0.37
99,7,medium,4,0.25,-0.09,3,6,0.44
99,8,medium,3,0.26,-0.21,2,3,0.37
100,1,low,12,0.82,0.6,1,6,0.65
100,2,low,8,0.72,0.65,0,5,0.6
100,3,low,9,0.74,0.61,0,2,0.93
100,4,low,7,0.67,0.52,1,7,0.64
100,5,low,7,0.64,0.62,0,4,0.54
100,6,low,11,0.63,0.52,0,5,0.57
100,7,low,9,0.66,0.52,0,2,0.65
100,8,low,9,0.64,0.42,0,3,0.48
101,1,high,8,0.47,-0.73,3,3,0.87
101,2,high,7,0.37,-0.69,6,3,0.73
101,3,high,4,0.29,-0.93,3,6,0.74
101,4,high,5,0.1,-1.0,4,3,0.63
101,5,high,3,0.0,-1.0,5,3,0.35
101,6,high,2,0.0,-1.0,2,3,0.28
101,7,high,0,0.0,-1.0,6,4,0.09
101,8,high,1,0.0,-1.0,5,3,0.11
102,1,high,1,0.38,-0.61,6,4,0.74
102,2,high,0,0.26,-0.79,4,6,0.57
102,3,high,0,0.16,-0.9,3,4,0.64
102,4,high,0,0.02,-0.96,6,2,0.45
102,5,high,2,0.0,-1.0,6,5,0.29
102,6,high,0,0.0,-1.0,3,0,0.17
102,7,high,0,0.0,-1.0,6,1,0.11
102,8,high,0,0.0,-1.0,4,0,0.05
103,1,low,16,0.86,0.92,1,4,0.84
103,2,low,13,0.87,0.96,0,7,0.95
103,3,low,12,0.82,0.81,1,5,0.88
103,4,low,13,0.8,0.87,1,6,0.71
103,5,low,11,0.76,0.75,1,3,0.73
103,6,low,14,0.79,0.72,0,2,0.74
103,7,low,14,0.78,0.83,0,3,0.85
103,8,low,12,0.75,0.82,0,5,0.78
104,1,high,4,0.54,0.02,4,7,0.62
104,2,high,6,0.4,0.06,3,6,0.56
104,3,high,5,0.35,-0.2,2,4,0.56
104,4,high,4,0.18,-0.17,6,5,0.36
104,5,high,2,0.13,-0.45,3,3,0.28
104,6,high,0,0.0,-0.41,3,2,0.08
104,7,high,1,0.0,-0.64,5,3,0.0
104,8,high,0,0.0,-0.74,2,1,0.08
105,1,low,11,0.95,0.31,0,7,0.64
105,2,low,8,0.92,0.39,1,2,0.7
105,3,low,11,0.96,0.36,1,2,0.92
105,4,low,8,0.95,0.32,0,2,0.81
105,5,low,9,0.88,0.19,1,5,0.84
105,6,low,11,0.83,0.34,0,7,0.76
105,7,low,8,0.87,0.32,1,7,0.82
105,8,low,6,0.87,0.23,1,7,0.56
106,1,high,4,0.32,0.02,5,2,0.93
106,2,high,4,0.21,-0.24,5,6,0.68
106,3,high,2,0.08,-0.23,4,4,0.73
106,4,high,3,0.0,-0.38,6,5,0.39
106,5,high,1,0.0,-0.61,3,1,0.24
106,6,high,1,0.0,-0.56,3,2,0.09
106,7,high,1,0.0,-0.7,3,3,0.0
106,8,high,1,0.0,-0.8,5,3,0.0
107,1,medium,11,0.63,-0.27,3,7,0.79
107,2,medium,10,0.6,-0.22,1,5,0.71
107,3,medium,9,0.55,-0.22,2,3,0.75
107,4,medium,7,0.45,-0.41,2,5,0.63
107,5,medium,5,0.42,-0.46,1,5,0.46
107,6,medium,6,0.29,-0.54,1,2,0.39
107,7,medium,3,0.28,-0.54,2,6,0.57
107,8,medium,7,0.18,-0.69,2,0,0.27
108,1,medium,7,0.68,0.05,2,2,0.9
108,2,medium,7,0.64,-0.1,3,3,0.62
108,3,medium,4,0.52,-0.05,1,2,0.66
108,4,medium,7,0.47,-0.1,3,7,0.42
108,5,medium,4,0.42,-0.32,3,2,0.75
108,6,medium,3,0.36,-0.19,2,3,0.41
108,7,medium,3,0.28,-0.45,2,3,0.29
108,8,medium,5,0.27,-0.51,1,5,0.28
109,1,low,15,0.79,0.62,1,4,0.96
109,2,low,15,0.8,0.63,0,7,0.6
109,3,low,12,0.74,0.57,0,7,0.93
109,4,low,13,0.75,0.51,1,3,0.9
109,5,low,14,0.67,0.64,1,6,0.59
109,6,low,10,0.67,0.62,1,4,0.84
109,7,low,11,0.68,0.58,1,4,0.49
109,8,low,12,0.7,0.44,0,5,0.58
110,1,low,11,0.96,0.5,0,6,0.93
110,2,low,8,0.93,0.47,0,3,0.61
110,3,low,9,0.87,0.45,0,3,0.64
110,4,low,11,0.93,0.54,1,6,0.88
110,5,low,10,0.9,0.4,0,3,0.56
110,6,low,11,0.82,0.48,0,6,0.56
110,7,low,7,0.82,0.49,1,3,0.85
110,8,low,7,0.78,0.38,1,7,0.6
111,1,low,10,0.89,0.58,0,3,0.83
111,2,low,9,0.91,0.66,0,7,0.91
111,3,low,6,0.85,0.6,1,3,0.71
111,4,low,7,0.9,0.55,0,5,0.55
111,5,low,7,0.82,0.47,0,4,0.55
111,6,low,6,0.78,0.47,1,2,0.54
111,7,low,9,0.84,0.5,1,7,0.8
111,8,low,8,0.82,0.43,1,7,0.54
112,1,medium,7,0.64,-0.09,1,6,0.73
112,2,medium,5,0.61,-0.17,2,4,0.84
112,3,medium,7,0.47,-0.19,3,5,0.57
112,4,medium,6,0.41,-0.21,2,3,0.52
112,5,medium,4,0.39,-0.27,2,1,0.72
112,6,medium,3,0.31,-0.34,3,3,0.47
112,7,medium,4,0.26,-0.33,1,6,0.49
112,8,medium,5,0.24,-0.38,2,0,0.2
113,1,medium,12,0.63,0.15,3,2,0.69
113,2,medium,9,0.53,0.05,2,2,0.73
113,3,medium,9,0.54,0.07,3,3,0.65
113,4,medium,7,0.48,-0.02,1,7,0.52
113,5,medium,7,0.39,-0.09,2,2,0.75
113,6,medium,9,0.33,-0.08,2,4,0.64
113,7,medium,7,0.26,-0.17,2,3,0.38
113,8,medium,8,0.2,-0.27,2,1,0.31
114,1,high,6,0.31,-0.72,4,6,0.91
114,2,high,5,0.23,-0.95,4,3,0.78
114,3,high,6,0.09,-1.0,6,6,0.44
114,4,high,5,0.0,-1.0,3,5,0.41
114,5,high,2,0.0,-1.0,3,0,0.45
114,6,high,0,0.0,-1.0,4,0,0.23
114,7,high,2,0.0,-1.0,6,4,0.24
114,8,high,0,0.0,-1.0,2,0,0.0
115,1,low,11,0.87,0.23,0,5,0.81
115,2,low,8,0.88,0.15,1,6,0.73
115,3,low,11,0.85,0.17,0,7,0.78
115,4,low,8,0.77,0.24,0,2,0.67
115,5,low,11,0.79,0.11,0,7,0.52
115,6,low,7,0.78,0.03,0,3,0.77
115,7,low,10,0.75,0.12,1,2,0.65
115,8,low,9,0.69,0.15,1,3,0.54
116,1,medium,5,0.58,0.3,2,6,0.89
116,2,medium,4,0.59,0.28,1,6,0.56
116,3,medium,6,0.53,0.24,2,7,0.62
116,4,medium,7,0.47,0.15,3,5,0.82
116,5,medium,4,0.42,0.22,3,5,0.64
116,6,medium,5,0.35,0.13,2,3,0.38
116,7,medium,4,0.23,-0.01,2,5,0.29
116,8,medium,3,0.23,-0.01,2,5,0.28
117,1,low,18,0.92,0.33,1,6,0.94
117,2,low,17,0.82,0.3,1,3,0.81
117,3,low,17,0.87,0.17,0,6,0.64
117,4,low,16,0.83,0.15,1,3,0.73
117,5,low,16,0.82,0.16,1,5,0.82
117,6,low,13,0.75,0.22,0,6,0.9
117,7,low,16,0.76,0.09,0,6,0.53
117,8,low,16,0.79,0.21,0,6,0.59
118,1,low,18,0.95,0.89,1,7,0.85
118,2,low,16,0.9,0.98,0,3,0.78
118,3,low,15,0.9,0.96,1,6,0.69
118,4,low,13,0.92,0.93,1,4,0.86
118,5,low,17,0.86,0.78,1,5,0.9
118,6,low,14,0.81,0.78,0,5,0.6
118,7,low,16,0.83,0.86,1,4,0.86
118,8,low,12,0.8,0.82,1,6,0.7
119,1,medium,11,0.57,0.35,3,3,0.65
119,2,medium,9,0.48,0.31,2,7,0.6
119,3,medium,6,0.45,0.29,1,4,0.64
119,4,medium,7,0.45,0.1,2,4,0.63
119,5,medium,5,0.37,0.13,3,5,0.71
119,6,medium,8,0.33,0.01,2,4,0.6
119,7,medium,4,0.19,0.07,3,4,0.27
119,8,medium,7,0.16,0.01,3,1,0.51
120,1,medium,12,0.73,-0.02,1,4,0.72
120,2,medium,8,0.65,-0.07,3,6,0.62
120,3,medium,6,0.59,-0.17,2,3,0.62
120,4,medium,7,0.56,-0.23,3,6,0.6
120,5,medium,6,0.53,-0.16,3,5,0.4
120,6,medium,8,0.49,-0.29,2,5,0.33
120,7,medium,4,0.41,-0.45,3,4,0.48
120,8,medium,5,0.28,-0.38,1,4,0.48
121,1,high,6,0.51,0.16,2,3,0.79
121,2,high,5,0.44,0.06,5,5,0.7
121,3,high,1,0.32,-0.23,3,6,0.74
121,4,high,3,0.15,-0.17,4,2,0.47
121,5,high,0,0.03,-0.35,6,5,0.15
121,6,high,3,0.0,-0.6,6,4,0.13
121,7,high,3,0.0,-0.58,6,0,0.26
121,8,high,0,0.0,-0.75,2,0,0.0
122,1,medium,6,0.7,-0.06,1,5,0.64
122,2,medium,7,0.71,-0.06,1,2,0.65
122,3,medium,8,0.61,-0.09,2,2,0.82
122,4,medium,5,0.51,-0.28,3,5,0.52
122,5,medium,6,0.48,-0.25,2,3,0.5
122,6,medium,5,0.45,-0.43,1,1,0.39
122,7,medium,4,0.32,-0.4,2,2,0.58
122,8,medium,4,0.33,-0.46,1,4,0.28
123,1,medium,9,0.68,-0.02,1,4,0.89
123,2,medium,9,0.7,-0.09,2,5,0.87
123,3,medium,6,0.63,-0.16,2,7,0.59
123,4,medium,9,0.51,-0.24,3,2,0.56
123,5,medium,5,0.43,-0.13,2,2,0.48
123,6,medium,8,0.42,-0.22,3,6,0.56
123,7,medium,4,0.33,-0.3,3,3,0.48
123,8,medium,4,0.25,-0.38,2,2,0.26
124,1,high,6,0.57,-0.51,4,4,0.63
124,2,high,7,0.39,-0.64,3,5,0.52
124,3,high,2,0.26,-0.73,3,1,0.45
124,4,high,3,0.13,-0.83,4,3,0.56
124,5,high,1,0.03,-0.98,4,3,0.29
124,6,high,4,0.0,-1.0,4,4,0.27
124,7,high,0,0.0,-1.0,2,3,0.04
124,8,high,1,0.0,-1.0,4,0,0.0
125,1,medium,13,0.75,0.34,1,3,0.66
125,2,medium,12,0.66,0.2,2,4,0.83
125,3,medium,11,0.66,0.22,2,4,0.5
125,4,medium,9,0.59,0.09,2,2,0.47
125,5,medium,9,0.52,0.02,1,4,0.41
125,6,medium,5,0.47,-0.06,3,3,0.55
125,7,medium,6,0.45,-0.02,3,4,0.26
125,8,medium,8,0.38,-0.16,2,4,0.19
126,1,medium,7,0.74,0.09,2,2,0.64
126,2,medium,7,0.7,0.04,1,2,0.65
126,3,medium,9,0.65,0.05,1,5,0.73
126,4,medium,6,0.56,-0.06,2,3,0.78
126,5,medium,6,0.51,-0.05,2,5,0.69
126,6,medium,4,0.46,-0.19,1,6,0.56
126,7,medium,5,0.39,-0.27,1,4,0.5
126,8,medium,3,0.3,-0.38,3,5,0.57
127,1,low,18,0.92,0.85,0,2,0.9
127,2,low,18,0.85,0.86,1,7,0.86
127,3,low,16,0.84,0.85,1,7,0.93
127,4,low,15,0.84,0.82,0,2,0.68
127,5,low,14,0.89,0.86,1,6,0.82
127,6,low,15,0.84,0.76,1,6,0.55
127,7,low,15,0.76,0.69,0,5,0.77
127,8,low,17,0.78,0.76,0,3,0.73
128,1,high,0,0.47,-0.9,6,7,0.64
128,2,high,1,0.32,-1.0,5,3,0.72
128,3,high,0,0.17,-1.0,3,2,0.59
128,4,high,2,0.04,-1.0,2,5,0.25
128,5,high,2,0.0,-1.0,6,0,0.34
128,6,high,0,0.0,-1.0,3,3,0.29
128,7,high,0,0.0,-1.0,6,3,0.24
128,8,high,0,0.0,-1.0,3,0,0.06
129,1,medium,12,0.72,-0.07,2,6,0.91
129,2,medium,8,0.64,-0.09,2,6,0.74
129,3,medium,9,0.58,-0.25,1,6,0.49
129,4,medium,6,0.48,-0.23,3,7,0.67
129,5,medium,9,0.49,-0.39,3,2,0.66
129,6,medium,8,0.36,-0.45,3,1,0.4
129,7,medium,4,0.31,-0.38,2,3,0.6
129,8,medium,7,0.26,-0.41,2,1,0.3
130,1,low,15,0.93,0.65,0,3,0.96
130,2,low,14,0.94,0.58,1,5,0.79
130,3,low,14,0.89,0.49,1,5,0.62
130,4,low,11,0.9,0.51,0,4,0.59
130,5,low,12,0.9,0.55,1,5,0.55
130,6,low,13,0.89,0.44,0,3,0.71
130,7,low,14,0.81,0.36,0,6,0.5
130,8,low,14,0.81,0.43,0,2,0.63
131,1,low,9,0.94,0.68,1,4,0.92
131,2,low,8,0.88,0.79,1,5,0.83
131,3,low,9,0.86,0.75,1,3,0.94
131,4,low,10,0.9,0.73,0,5,0.57
131,5,low,6,0.82,0.56,1,7,0.66
131,6,low,7,0.78,0.61,1,3,0.56
131,7,low,8,0.84,0.71,0,4,0.83
131,8,low,6,0.74,0.5,1,3,0.57
132,1,high,0,0.57,-0.83,5,3,0.92
132,2,high,2,0.45,-0.94,2,7,0.69
132,3,high,0,0.26,-1.0,2,5,0.4
132,4,high,0,0.15,-1.0,5,1,0.52
132,5,high,1,0.01,-1.0,3,4,0.18
132,6,high,1,0.0,-1.0,3,0,0.12
132,7,high,2,0.0,-1.0,4,0,0.18
132,8,high,0,0.0,-1.0,6,3,0.08
133,1,medium,5,0.76,0.21,1,5,0.64
133,2,medium,5,0.72,0.12,2,4,0.83
133,3,medium,5,0.64,0.19,3,2,0.56
133,4,medium,2,0.58,0.02,3,4,0.43
133,5,medium,2,0.5,-0.01,2,2,0.66
133,6,medium,4,0.47,-0.08,3,1,0.39
133,7,medium,2,0.35,-0.16,2,4,0.27
133,8,medium,0,0.32,-0.24,1,3,0.45
134,1,medium,5,0.7,-0.07,2,2,0.65
134,2,medium,4,0.69,-0.17,2,3,0.83
134,3,medium,5,0.61,-0.26,1,7,0.58
134,4,medium,3,0.53,-0.32,2,4,0.47
134,5,medium,3,0.51,-0.41,2,5,0.48
134,6,medium,2,0.38,-0.49,1,2,0.58
134,7,medium,2,0.31,-0.55,2,3,0.51
134,8,medium,1,0.31,-0.6,1,3,0.56
135,1,high,1,0.44,-0.16,5,6,0.8
135,2,high,2,0.34,-0.17,4,7,0.77
135,3,high,0,0.22,-0.44,5,2,0.73
135,4,high,0,0.09,-0.47,4,2,0.35
135,5,high,0,0.03,-0.56,3,4,0.18
135,6,high,0,0.0,-0.82,3,0,0.15
135,7,high,2,0.0,-0.89,3,1,0.04
135,8,high,1,0.0,-0.91,4,0,0.13
136,1,high,6,0.27,-0.31,4,4,0.66
136,2,high,1,0.14,-0.54,4,5,0.69
136,3,high,3,0.01,-0.74,2,3,0.73
136,4,high,4,0.0,-0.86,6,5,0.42
136,5,high,4,0.0,-0.85,3,0,0.43
136,6,high,0,0.0,-0.97,4,3,0.35
136,7,high,2,0.0,-1.0,4,2,0.19
136,8,high,0,0.0,-1.0,4,1,0.15
137,1,medium,10,0.74,0.38,1,6,0.6
137,2,medium,8,0.62,0.18,3,5,0.59
137,3,medium,8,0.55,0.22,3,3,0.76
137,4,medium,7,0.55,0.09,1,3,0.77
137,5,medium,6,0.47,0.06,1,4,0.48
137,6,medium,7,0.39,0.06,3,5,0.34
137,7,medium,5,0.32,-0.1,3,1,0.38
137,8,medium,5,0.3,-0.12,3,4,0.38
138,1,medium,9,0.61,-0.08,2,2,0.97
138,2,medium,9,0.55,-0.22,1,5,0.93
138,3,medium,10,0.44,-0.23,1,6,0.66
138,4,medium,6,0.38,-0.38,2,7,0.56
138,5,medium,5,0.38,-0.44,1,1,0.56
138,6,medium,7,0.33,-0.53,1,5,0.4
138,7,medium,7,0.27,-0.56,1,5,0.32
138,8,medium,4,0.19,-0.59,1,5,0.45
139,1,low,19,0.82,0.29,1,5,0.63
139,2,low,18,0.85,0.38,0,5,0.8
139,3,low,15,0.86,0.31,0,5,0.85
139,4,low,15,0.77,0.21,0,4,0.86
139,5,low,16,0.8,0.19,0,4,0.67
139,6,low,17,0.76,0.17,1,5,0.54
139,7,low,15,0.76,0.15,0,3,0.69
139,8,low,15,0.7,0.13,0,4,0.77
140,1,low,7,0.8,0.54,1,4,0.62
140,2,low,9,0.75,0.44,1,4,0.98
140,3,low,10,0.68,0.44,1,6,0.92
140,4,low,9,0.7,0.44,0,4,0.56
140,5,low,7,0.66,0.43,0,2,0.85
140,6,low,7,0.7,0.32,1,5,0.73
140,7,low,6,0.62,0.42,0,7,0.87
140,8,low,8,0.59,0.29,1,4,0.5
141,1,low,14,0.97,0.61,1,7,0.66
141,2,low,13,0.94,0.64,1,5,0.58
141,3,low,16,0.93,0.7,0,5,0.94
141,4,low,15,0.86,0.62,1,3,0.9
141,5,low,15,0.83,0.6,0,2,0.84
141,6,low,12,0.79,0.67,0,5,0.82
141,7,low,14,0.76,0.53,1,5,0.51
141,8,low,13,0.77,0.59,1,6,0.68
142,1,low,18,1.0,0.4,0,6,0.69
142,2,low,15,0.98,0.36,1,4,0.82
142,3,low,18,0.98,0.33,1,2,0.75
142,4,low,15,0.88,0.25,0,4,0.79
142,5,low,17,0.93,0.35,1,3,0.71
142,6,low,15,0.86,0.22,1,3,0.52
142,7,low,14,0.86,0.29,0,7,0.75
142,8,low,13,0.85,0.25,1,6,0.71
143,1,medium,9,0.56,0.21,1,7,0.83
143,2,medium,10,0.46,0.24,2,3,0.66
143,3,medium,7,0.48,0.22,2,5,0.76
143,4,medium,7,0.36,0.03,2,7,0.43
143,5,medium,6,0.33,-0.01,2,5,0.51
143,6,medium,5,0.26,0.06,1,1,0.51
143,7,medium,6,0.22,-0.1,1,4,0.32
143,8,medium,7,0.15,-0.09,2,5,0.43
144,1,medium,3,0.54,0.02,3,5,0.95
144,2,medium,1,0.42,0.04,2,5,0.74
144,3,medium,2,0.36,-0.14,1,7,0.66
144,4,medium,4,0.32,-0.1,3,7,0.75
144,5,medium,4,0.32,-0.11,1,3,0.64
144,6,medium,1,0.24,-0.34,3,3,0.53
144,7,medium,1,0.16,-0.31,1,1,0.61
144,8,medium,4,0.12,-0.45,1,1,0.37
145,1,medium,5,0.77,0.21,1,7,0.68
145,2,medium,8,0.7,0.14,1,3,0.9
145,3,medium,8,0.59,0.1,3,4,0.84
145,4,medium,5,0.61,-0.05,3,3,0.59
145,5,medium,3,0.52,-0.03,1,2,0.54
145,6,medium,4,0.42,-0.13,2,5,0.57
145,7,medium,4,0.41,-0.16,1,3,0.45
145,8,medium,6,0.3,-0.19,3,3,0.26
146,1,low,14,0.85,0.97,1,3,0.95
146,2,low,16,0.76,0.84,1,2,0.64
146,3,low,14,0.78,0.93,1,3,0.63
146,4,low,15,0.74,0.85,0,5,0.79
146,5,low,15,0.75,0.75,0,6,0.73
146,6,low,14,0.74,0.75,0,3,0.9
146,7,low,12,0.66,0.8,1,3,0.88
146,8,low,11,0.64,0.77,1,7,0.71
147,1,medium,10,0.74,0.48,3,5,0.88
147,2,medium,10,0.65,0.24,3,2,0.85
147,3,medium,6,0.58,0.33,1,7,0.74
147,4,medium,8,0.53,0.13,2,5,0.47
147,5,medium,6,0.48,0.12,3,6,0.4
147,6,medium,5,0.4,0.16,1,1,0.54
147,7,medium,4,0.37,-0.02,1,4,0.42
147,8,medium,6,0.27,-0.13,3,1,0.49
148,1,low,6,0.95,0.93,1,5,0.97
148,2,low,7,0.99,0.76,1,2,0.92
148,3,low,7,0.96,0.78,0,3,0.64
148,4,low,5,0.9,0.76,0,6,0.86
148,5,low,9,0.96,0.84,1,4,0.55
148,6,low,9,0.93,0.72,0,7,0.5
148,7,low,5,0.85,0.79,0,4,0.66
148,8,low,6,0.87,0.83,0,6,0.59
149,1,medium,4,0.5,0.18,3,2,0.73
149,2,medium,5,0.47,-0.02,2,2,0.83
149,3,medium,3,0.41,-0.08,1,3,0.58
149,4,medium,5,0.31,-0.03,1,5,0.56
149,5,medium,4,0.25,-0.07,3,1,0.66
149,6,medium,3,0.22,-0.23,1,5,0.69
149,7,medium,3,0.15,-0.14,3,1,0.5
149,8,medium,1,0.13,-0.37,2,5,0.34
150,1,medium,2,0.58,-0.09,3,4,0.94
150,2,medium,3,0.5,-0.19,1,4,0.77
150,3,medium,1,0.47,-0.08,3,2,0.69
150,4,medium,2,0.38,-0.17,3,4,0.73
150,5,medium,5,0.3,-0.26,2,6,0.63
150,6,medium,0,0.27,-0.35,3,6,0.46
150,7,medium,2,0.23,-0.35,2,4,0.27
150,8,medium,3,0.17,-0.43,3,3,0.24
151,1,medium,3,0.83,-0.14,1,3,0.78
151,2,medium,4,0.73,-0.18,3,4,0.7
151,3,medium,5,0.69,-0.34,1,3,0.65
151,4,medium,3,0.6,-0.36,2,5,0.59
151,5,medium,2,0.51,-0.49,1,3,0.58
151,6,medium,1,0.52,-0.48,1,5,0.6
151,7,medium,4,0.45,-0.59,2,6,0.38
151,8,medium,3,0.34,-0.67,3,4,0.42
152,1,medium,7,0.64,0.19,3,6,0.88
152,2,medium,7,0.6,0.02,1,4,0.62
152,3,medium,6,0.58,-0.06,3,3,0.8
152,4,medium,6,0.51,-0.03,1,3,0.57
152,5,medium,4,0.43,-0.07,3,1,0.52
152,6,medium,4,0.4,-0.23,3,4,0.39
152,7,medium,7,0.27,-0.3,2,2,0.57
152,8,medium,5,0.2,-0.37,2,4,0.42
153,1,high,5,0.54,-0.47,6,6,0.98
153,2,high,7,0.36,-0.75,3,5,0.75
153,3,high,7,0.34,-0.87,4,2,0.42
153,4,high,3,0.13,-0.88,2,5,0.53
153,5,high,2,0.07,-1.0,4,0,0.41
153,6,high,1,0.0,-1.0,5,0,0.07
153,7,high,0,0.0,-1.0,2,0,0.0
153,8,high,3,0.0,-1.0,6,0,0.15
154,1,low,16,0.86,0.2,1,4,0.71
154,2,low,13,0.76,0.23,1,3,0.64
154,3,low,12,0.79,0.25,1,5,0.85
154,4,low,13,0.8,0.32,1,2,0.76
154,5,low,15,0.74,0.14,0,2,0.8
154,6,low,11,0.71,0.29,0,4,0.56
154,7,low,12,0.67,0.09,1,4,0.69
154,8,low,10,0.72,0.14,0,6,0.59
155,1,high,4,0.22,-0.36,5,7,0.97
155,2,high,5,0.12,-0.39,3,3,0.87
155,3,high,3,0.01,-0.57,3,4,0.74
155,4,high,2,0.0,-0.62,3,6,0.39
155,5,high,3,0.0,-0.72,6,2,0.51
155,6,high,4,0.0,-0.82,3,0,0.21
155,7,high,1,0.0,-1.0,6,3,0.04
155,8,high,1,0.0,-1.0,2,0,0.07
156,1,low,18,0.95,0.91,1,2,0.98
156,2,low,16,0.89,0.91,0,6,0.71
156,3,low,16,0.9,1.0,0,2,0.59
156,4,low,18,0.86,0.9,0,2,0.73
156,5,low,15,0.83,0.97,0,3,0.65
156,6,low,16,0.87,0.79,1,7,0.54
156,7,low,13,0.78,0.88,0,2,0.84
156,8,low,14,0.83,0.9,0,7,0.5
157,1,low,19,0.8,0.44,0,4,0.71
157,2,low,14,0.79,0.58,0,7,0.94
157,3,low,17,0.84,0.44,0,6,0.68
157,4,low,15,0.8,0.51,1,7,0.7
157,5,low,16,0.79,0.39,1,5,0.87
157,6,low,15,0.68,0.42,1,2,0.78
157,7,low,13,0.69,0.34,1,3,0.53
157,8,low,14,0.68,0.31,1,6,0.61
158,1,high,7,0.48,-0.13,2,2,0.95
158,2,high,6,0.43,-0.07,3,2,0.67
158,3,high,4,0.24,-0.22,4,5,0.48
158,4,high,3,0.17,-0.44,4,4,0.5
158,5,high,3,0.01,-0.46,2,4,0.38
158,6,high,3,0.0,-0.63,2,4,0.12
158,7,high,3,0.0,-0.7,2,1,0.0
158,8,high,1,0.0,-0.92,2,0,0.0
159,1,high,7,0.43,-0.88,4,7,0.66
159,2,high,5,0.28,-0.91,4,3,0.62
159,3,high,1,0.1,-1.0,2,5,0.67
159,4,high,1,0.02,-1.0,6,4,0.51
159,5,high,4,0.0,-1.0,3,1,0.4
159,6,high,2,0.0,-1.0,5,1,0.14
159,7,high,2,0.0,-1.0,3,1,0.2
159,8,high,2,0.0,-1.0,5,0,0.0
160,1,low,14,0.82,0.74,1,3,1.0
160,2,low,17,0.84,0.6,0,2,0.78
160,3,low,13,0.75,0.72,0,4,0.85
160,4,low,13,0.79,0.54,0,6,0.75
160,5,low,14,0.74,0.54,1,3,0.88
160,6,low,13,0.7,0.65,1,2,0.88
160,7,low,13,0.68,0.54,0,4,0.64
160,8,low,12,0.65,0.47,0,5,0.47
161,1,high,3,0.41,-0.75,5,6,0.79
161,2,high,5,0.23,-0.9,4,4,0.59
161,3,high,2,0.12,-1.0,5,4,0.54
161,4,high,4,0.02,-1.0,6,2,0.5
161,5,high,0,0.0,-1.0,5,1,0.2
161,6,high,1,0.0,-1.0,6,2,0.29
161,7,high,1,0.0,-1.0,5,3,0.24
161,8,high,1,0.0,-1.0,6,1,0.0
162,1,high,3,0.51,-0.44,2,2,0.73
162,2,high,3,0.42,-0.4,3,4,0.83
162,3,high,1,0.32,-0.55,3,3,0.62
162,4,high,4,0.18,-0.76,2,3,0.49
162,5,high,4,0.0,-0.88,4,0,0.22
162,6,high,3,0.0,-1.0,4,1,0.13
162,7,high,2,0.0,-1.0,3,0,0.13
162,8,high,0,0.0,-1.0,4,3,0.06
163,1,low,18,0.96,0.42,0,5,0.86
163,2,low,16,0.92,0.48,0,5,0.74
163,3,low,19,0.91,0.46,0,4,0.8
163,4,low,14,0.88,0.39,1,4,0.59
163,5,low,15,0.89,0.36,0,4,0.74
163,6,low,14,0.84,0.4,1,3,0.79
163,7,low,14,0.89,0.3,0,2,0.6
163,8,low,17,0.81,0.34,0,5,0.78
164,1,medium,2,0.77,-0.14,1,2,0.98
164,2,medium,3,0.71,-0.12,1,4,0.76
164,3,medium,2,0.68,-0.18,1,3,0.52
164,4,medium,2,0.59,-0.42,3,5,0.53
164,5,medium,3,0.51,-0.4,3,6,0.71
164,6,medium,1,0.49,-0.36,2,4,0.51
164,7,medium,2,0.43,-0.61,3,2,0.31
164,8,medium,3,0.38,-0.49,2,5,0.54
165,1,low,10,0.76,0.19,1,2,0.87
165,2,low,9,0.73,0.26,0,4,0.73
165,3,low,6,0.7,0.29,1,3,0.73
165,4,low,6,0.72,0.16,0,2,0.94
165,5,low,5,0.69,0.07,0,5,0.77
165,6,low,5,0.66,0.14,1,2,0.88
165,7,low,5,0.63,0.21,1,2,0.51
165,8,low,4,0.59,0.19,0,4,0.65
166,1,low,10,0.94,0.74,1,5,0.7
166,2,low,8,0.91,0.74,1,6,0.97
166,3,low,6,0.89,0.64,1,6,0.95
166,4,low,7,0.88,0.73,1,5,0.75
166,5,low,6,0.86,0.57,0,4,0.82
166,6,low,10,0.87,0.54,1,2,0.58
166,7,low,7,0.83,0.55,1,5,0.59
166,8,low,5,0.81,0.65,1,7,0.74
167,1,medium,10,0.56,-0.04,1,7,0.62
167,2,medium,8,0.44,-0.09,1,5,0.81
167,3,medium,5,0.46,-0.31,2,5,0.66
167,4,medium,7,0.35,-0.37,2,6,0.62
167,5,medium,8,0.3,-0.45,3,2,0.57
167,6,medium,5,0.23,-0.47,1,3,0.45
167,7,medium,7,0.19,-0.57,1,6,0.31
167,8,medium,3,0.15,-0.53,2,2,0.29
168,1,high,5,0.28,-0.52,5,6,0.62
168,2,high,2,0.16,-0.75,4,2,0.6
168,3,high,0,0.09,-0.76,6,3,0.45
168,4,high,2,0.0,-0.93,2,1,0.28
168,5,high,2,0.0,-1.0,6,2,0.31
168,6,high,0,0.0,-1.0,2,2,0.05
168,7,high,2,0.0,-1.0,5,1,0.1
168,8,high,0,0.0,-1.0,3,0,0.0
169,1,low,17,0.8,0.29,0,2,0.61
169,2,low,18,0.8,0.11,1,3,0.84
169,3,low,16,0.8,0.23,1,6,0.89
169,4,low,17,0.78,0.15,1,4,0.89
169,5,low,16,0.77,0.23,1,4,0.92
169,6,low,13,0.74,0.09,1,2,0.65
169,7,low,12,0.72,0.17,0,2,0.6
169,8,low,16,0.62,0.15,0,7,0.74
170,1,high,2,0.4,-1.0,5,4,0.8
170,2,high,3,0.32,-1.0,6,4,0.83
170,3,high,3,0.16,-1.0,3,5,0.39
170,4,high,3,0.09,-1.0,5,4,0.57
170,5,high,0,0.0,-1.0,3,1,0.39
170,6,high,0,0.0,-1.0,6,3,0.01
170,7,high,0,0.0,-1.0,5,0,0.0
170,8,high,0,0.0,-1.0,3,0,0.02
171,1,high,0,0.32,-0.26,3,6,0.65
171,2,high,1,0.22,-0.45,6,5,0.81
171,3,high,3,0.09,-0.63,3,3,0.6
171,4,high,0,0.01,-0.59,2,4,0.34
171,5,high,2,0.0,-0.77,4,1,0.28
171,6,high,1,0.0,-0.92,6,3,0.27
171,7,high,0,0.0,-1.0,3,4,0.15
171,8,high,0,0.0,-1.0,4,0,0.09
172,1,low,8,1.0,0.6,1,5,0.83
172,2,low,11,0.97,0.7,0,4,0.74
172,3,low,7,0.97,0.7,1,2,0.71
172,4,low,8,0.96,0.66,1,7,0.92
172,5,low,11,0.93,0.7,1,2,0.92
172,6,low,11,0.88,0.54,1,6,0.62
172,7,low,8,0.84,0.59,0,3,0.82
172,8,low,6,0.82,0.52,0,2,0.8
173,1,medium,9,0.68,0.08,1,6,0.64
173,2,medium,10,0.59,-0.06,2,5,0.6
173,3,medium,8,0.55,-0.08,1,2,0.69
173,4,medium,9,0.49,-0.11,3,7,0.46
173,5,medium,10,0.35,-0.34,1,5,0.49
173,6,medium,6,0.32,-0.37,2,1,0.51
173,7,medium,8,0.27,-0.33,2,5,0.6
173,8,medium,6,0.25,-0.38,1,3,0.47
174,1,medium,10,0.53,0.27,2,2,0.61
174,2,medium,9,0.51,0.32,3,6,0.85
174,3,medium,9,0.41,0.28,2,5,0.71
174,4,medium,4,0.41,0.04,3,4,0.49
174,5,medium,7,0.32,0.07,1,6,0.67
174,6,medium,5,0.21,0.03,1,5,0.33
174,7,medium,3,0.15,0.03,3,1,0.51
174,8,medium,4,0.16,-0.03,1,3,0.46
175,1,low,19,0.87,0.66,1,4,0.61
175,2,low,15,0.82,0.71,1,7,0.76
175,3,low,19,0.81,0.75,1,6,0.82
175,4,low,16,0.84,0.78,1,7,0.77
175,5,low,15,0.77,0.6,0,2,0.89
175,6,low,16,0.82,0.59,0,2,0.82
175,7,low,17,0.81,0.58,1,7,0.55
175,8,low,16,0.72,0.66,1,4,0.65
176,1,medium,3,0.53,-0.26,1,5,0.65
176,2,medium,4,0.46,-0.24,2,7,0.92
176,3,medium,2,0.43,-0.37,3,6,0.64
176,4,medium,4,0.37,-0.28,2,7,0.57
176,5,medium,1,0.29,-0.46,2,5,0.7
176,6,medium,4,0.2,-0.52,3,2,0.44
176,7,medium,2,0.15,-0.47,2,4,0.59
176,8,medium,3,0.07,-0.65,3,2,0.52
177,1,medium,9,0.72,0.15,3,5,0.68
177,2,medium,8,0.66,0.0,3,7,0.65
177,3,medium,9,0.6,-0.03,1,6,0.88
177,4,medium,7,0.53,-0.1,3,3,0.51
177,5,medium,4,0.45,-0.11,1,5,0.59
177,6,medium,4,0.42,-0.09,3,2,0.45
177,7,medium,4,0.32,-0.16,3,3,0.37
177,8,medium,2,0.24,-0.31,2,3,0.19
178,1,medium,8,0.63,0.15,3,3,0.89
178,2,medium,9,0.57,0.17,3,7,0.74
178,3,medium,10,0.47,0.0,1,5,0.6
178,4,medium,8,0.42,-0.0,3,6,0.68
178,5,medium,7,0.37,-0.17,2,5,0.59
178,6,medium,5,0.32,-0.04,2,2,0.44
178,7,medium,4,0.23,-0.13,3,1,0.37
178,8,medium,3,0.22,-0.25,2,3,0.27
179,1,low,11,0.76,0.58,0,7,0.89
179,2,low,12,0.79,0.54,1,2,0.78
179,3,low,12,0.72,0.52,1,6,0.95
179,4,low,13,0.68,0.58,1,2,0.63
179,5,low,13,0.68,0.39,0,2,0.84
179,6,low,12,0.66,0.54,1,4,0.71
179,7,low,9,0.66,0.47,0,6,0.66
179,8,low,13,0.58,0.41,0,5,0.85
180,1,low,12,0.95,0.43,1,2,0.64
180,2,low,14,0.99,0.41,1,7,0.76
180,3,low,13,0.95,0.39,1,3,0.82
180,4,low,11,0.89,0.32,1,6,0.79
180,5,low,11,0.95,0.28,1,4,0.55
180,6,low,12,0.92,0.39,0,5,0.9
180,7,low,12,0.82,0.36,0,5,0.87
180,8,low,14,0.81,0.17,1,7,0.7
181,1,high,5,0.63,-0.3,6,2,0.97
181,2,high,6,0.42,-0.47,6,6,0.78
181,3,high,3,0.33,-0.55,3,5,0.67
181,4,high,3,0.21,-0.63,2,6,0.33
181,5,high,3,0.12,-0.77,3,1,0.37
181,6,high,2,0.0,-0.82,5,0,0.29
181,7,high,0,0.0,-0.92,2,2,0.18
181,8,high,2,0.0,-1.0,3,0,0.03
182,1,high,3,0.32,-0.3,5,6,0.68
182,2,high,3,0.15,-0.36,2,5,0.78
182,3,high,2,0.08,-0.55,4,4,0.62
182,4,high,1,0.0,-0.54,6,6,0.55
182,5,high,1,0.0,-0.82,2,1,0.14
182,6,high,1,0.0,-0.94,4,0,0.35
182,7,high,1,0.0,-1.0,2,2,0.14
182,8,high,1,0.0,-1.0,5,2,0.0
183,1,medium,10,0.58,-0.01,2,4,0.7
183,2,medium,7,0.45,-0.05,3,3,0.83
183,3,medium,7,0.44,0.01,2,3,0.72
183,4,medium,7,0.34,-0.12,3,4,0.48
183,5,medium,5,0.32,-0.1,3,1,0.53
183,6,medium,6,0.21,-0.29,1,4,0.53
183,7,medium,5,0.18,-0.22,2,5,0.54
183,8,medium,3,0.09,-0.3,2,0,0.2
184,1,high,8,0.61,-0.48,3,7,0.99
184,2,high,4,0.46,-0.68,3,2,0.58
184,3,high,3,0.37,-0.67,6,3,0.75
184,4,high,5,0.2,-0.99,6,3,0.61
184,5,high,5,0.06,-1.0,5,1,0.34
184,6,high,4,0.01,-1.0,4,2,0.25
184,7,high,3,0.0,-1.0,3,3,0.16
184,8,high,1,0.0,-1.0,6,0,0.0
185,1,low,18,0.85,0.34,0,4,0.67
185,2,low,16,0.85,0.31,1,4,0.97
185,3,low,16,0.79,0.41,0,7,0.71
185,4,low,16,0.73,0.44,0,5,0.8
185,5,low,15,0.75,0.28,1,2,0.64
185,6,low,14,0.75,0.21,0,2,0.5
185,7,low,17,0.76,0.24,0,2,0.85
185,8,low,14,0.67,0.17,1,2,0.74
186,1,low,19,0.82,0.47,0,7,0.6
186,2,low,14,0.87,0.41,0,3,0.68
186,3,low,14,0.76,0.37,1,5,0.95
186,4,low,17,0.82,0.44,1,5,0.58
186,5,low,15,0.75,0.33,1,6,0.87
186,6,low,14,0.7,0.43,0,3,0.72
186,7,low,13,0.77,0.39,0,7,0.48
186,8,low,16,0.71,0.28,1,7,0.64
187,1,low,12,0.8,0.27,1,3,0.76
187,2,low,13,0.74,0.25,0,4,0.9
187,3,low,12,0.77,0.24,1,5,0.66
187,4,low,10,0.68,0.12,0,2,0.67
187,5,low,13,0.65,0.1,1,5,0.53
187,6,low,11,0.66,0.16,1,5,0.69
187,7,low,8,0.68,0.09,1,4,0.51
187,8,low,9,0.67,0.13,1,4,0.47
188,1,low,8,0.78,0.4,0,6,0.78
188,2,low,6,0.79,0.44,0,3,0.75
188,3,low,8,0.71,0.28,0,5,0.9
188,4,low,7,0.78,0.36,1,2,0.55
188,5,low,6,0.69,0.34,0,6,0.54
188,6,low,8,0.72,0.38,1,4,0.7
188,7,low,6,0.72,0.29,1,3,0.86
188,8,low,7,0.63,0.31,0,3,0.8
189,1,medium,8,0.55,-0.08,3,6,0.65
189,2,medium,10,0.5,0.03,3,7,0.61
189,3,medium,10,0.47,-0.13,2,6,0.66
189,4,medium,8,0.36,-0.15,2,4,0.49
189,5,medium,9,0.28,-0.24,1,1,0.66
189,6,medium,8,0.29,-0.38,1,6,0.68
189,7,medium,7,0.23,-0.35,2,3,0.35
189,8,medium,7,0.13,-0.41,1,0,0.32
190,1,low,10,0.91,0.83,1,4,0.66
190,2,low,12,0.88,0.81,1,4,0.77
190,3,low,10,0.81,0.72,0,4,0.77
190,4,low,13,0.83,0.66,0,7,0.76
190,5,low,12,0.82,0.69,1,4,0.9
190,6,low,12,0.74,0.8,1,4,0.82
190,7,low,10,0.77,0.66,0,6,0.68
190,8,low,9,0.77,0.74,1,6,0.54
191,1,low,12,0.76,0.3,0,4,0.78
191,2,low,12,0.79,0.26,1,4,0.88
191,3,low,11,0.71,0.16,1,3,0.56
191,4,low,11,0.73,0.09,0,6,0.54
191,5,low,9,0.64,0.16,0,2,0.86
191,6,low,11,0.64,0.09,1,4,0.77
191,7,low,10,0.62,0.11,0,3,0.55
191,8,low,8,0.63,0.13,1,2,0.77
192,1,medium,13,0.74,0.17,1,3,0.75
192,2,medium,8,0.6,0.23,1,2,0.75
192,3,medium,9,0.62,0.04,3,4,0.72
192,4,medium,9,0.46,0.0,2,5,0.44
192,5,medium,8,0.47,-0.08,1,2,0.62
192,6,medium,9,0.34,-0.11,1,4,0.59
192,7,medium,8,0.29,-0.07,1,6,0.61
192,8,medium,7,0.3,-0.25,1,4,0.53
193,1,low,7,0.98,0.63,0,7,0.97
193,2,low,10,1.0,0.68,0,6,0.72
193,3,low,10,1.0,0.68,0,3,0.58
193,4,low,9,0.91,0.68,1,4,0.72
193,5,low,10,0.88,0.56,0,6,0.78
193,6,low,7,0.9,0.58,0,5,0.66
193,7,low,9,0.89,0.61,0,4,0.7
193,8,low,5,0.87,0.43,1,6,0.57
194,1,high,4,0.51,-0.28,5,7,0.93
194,2,high,2,0.39,-0.38,6,6,0.62
194,3,high,0,0.3,-0.61,5,2,0.6
194,4,high,1,0.17,-0.68,5,1,0.5
194,5,high,2,0.07,-0.83,3,3,0.48
194,6,high,0,0.0,-0.87,2,4,0.07
194,7,high,0,0.0,-0.98,4,3,0.0
194,8,high,2,0.0,-1.0,3,0,0.0
195,1,low,7,0.98,0.31,0,4,0.94
195,2,low,7,0.95,0.31,0,4,0.58
195,3,low,7,0.91,0.24,1,2,0.82
195,4,low,6,0.89,0.3,1,3,0.89
195,5,low,5,0.86,0.27,0,2,0.58
195,6,low,5,0.84,0.29,0,3,0.54
195,7,low,8,0.86,0.19,1,6,0.52
195,8,low,7,0.78,0.17,0,3,0.47
196,1,medium,8,0.6,-0.1,1,2,0.82
196,2,medium,9,0.52,-0.04,3,4,0.72
196,3,medium,7,0.49,-0.1,1,6,0.7
196,4,medium,4,0.43,-0.23,1,2,0.71
196,5,medium,7,0.38,-0.23,2,4,0.56
196,6,medium,4,0.29,-0.35,3,2,0.36
196,7,medium,7,0.24,-0.31,3,3,0.6
196,8,medium,4,0.19,-0.45,2,4,0.25
197,1,low,11,0.99,0.22,0,3,0.84
197,2,low,7,0.97,0.22,1,6,0.9
197,3,low,9,0.98,0.25,1,5,0.73
197,4,low,11,0.94,0.25,1,2,0.65
197,5,low,9,0.89,0.13,1,4,0.55
197,6,low,10,0.88,0.2,0,3,0.75
197,7,low,6,0.88,0.24,0,4,0.83
197,8,low,8,0.87,0.23,1,3,0.73
198,1,medium,6,0.77,-0.09,1,5,0.73
198,2,medium,6,0.71,-0.18,2,5,0.87
198,3,medium,4,0.62,-0.34,2,5,0.65
198,4,medium,4,0.6,-0.39,1,7,0.58
198,5,medium,1,0.48,-0.42,3,4,0.42
198,6,medium,2,0.48,-0.56,1,4,0.6
198,7,medium,5,0.36,-0.6,2,4,0.32
198,8,medium,0,0.3,-0.49,2,2,0.27
199,1,low,18,0.89,0.74,1,3,0.84
199,2,low,17,0.86,0.69,1,2,0.65
199,3,low,17,0.85,0.75,1,5,0.77
199,4,low,17,0.78,0.65,1,7,0.68
199,5,low,13,0.81,0.67,0,6,0.69
199,6,low,16,0.72,0.63,0,3,0.86
199,7,low,12,0.74,0.69,1,5,0.61
199,8,low,12,0.71,0.65,1,6,0.77
200,1,medium,10,0.64,0.45,2,5,0.87
200,2,medium,8,0.54,0.36,1,5,0.57
200,3,medium,8,0.51,0.27,3,6,0.73
200,4,medium,6,0.46,0.19,1,7,0.76
200,5,medium,8,0.39,0.14,3,6,0.56
200,6,medium,8,0.3,0.1,1,6,0.61
200,7,medium,3,0.29,0.11,2,5,0.59
200,8,medium,6,0.25,0.06,2,5,0.36
